sekermiktari,yas,cinsiyet,sinirlilik
3.421,5.626,0,0.084
18.115,1.082,0,0.467
28.631,12.017,0,0.883
11.001,10.882,0,0.650
28.318,13.016,1,0.883
21.706,12.999,1,0.869
13.690,3.161,1,0.650
13.671,13.270,0,0.650
23.761,13.599,1,0.878
23.820,8.799,0,0.457
11.440,5.702,0,0.250
14.416,7.810,0,0.250
0.836,1.329,1,0.466
26.592,2.506,0,0.650
23.563,13.378,0,0.877
22.201,4.060,0,0.637
3.436,11.001,1,0.650
14.718,8.310,0,0.250
7.296,2.958,1,0.458
19.866,5.903,1,0.632
27.034,13.175,1,0.883
23.352,15.499,0,0.876
18.456,10.520,0,0.686
3.163,14.474,0,0.465
23.060,11.240,1,0.875
6.753,0.273,0,0.250
16.662,3.347,1,0.650
0.385,5.138,0,0.086
3.894,7.644,1,0.250
10.212,14.695,1,0.807
9.748,7.795,0,0.199
1.794,10.426,1,0.650
8.836,15.870,1,0.650
29.856,7.475,1,0.650
5.759,9.948,0,0.446
11.342,13.715,1,0.864
29.347,2.352,1,0.883
26.988,2.269,1,0.883
13.677,6.463,1,0.465
20.692,11.861,1,0.864
17.454,8.412,0,0.250
10.852,11.399,0,0.642
6.087,11.172,0,0.460
12.470,0.459,1,0.650
13.957,11.497,1,0.878
3.561,0.928,0,0.250
28.065,6.006,0,0.467
15.488,12.668,0,0.650
13.138,13.697,0,0.650
6.763,8.306,1,0.250
7.725,4.739,0,0.156
21.352,12.318,0,0.867
13.382,0.862,1,0.650
5.950,5.766,1,0.250
6.872,15.227,0,0.459
16.969,4.261,0,0.402
15.776,13.185,0,0.650
19.410,2.427,0,0.578
14.303,7.481,0,0.250
24.425,14.763,0,0.881
13.504,14.517,0,0.650
16.773,2.799,0,0.464
5.182,5.558,1,0.250
1.156,14.950,0,0.466
3.896,12.586,1,0.650
7.603,2.247,0,0.250
25.110,3.717,1,0.872
14.001,9.336,1,0.621
3.949,11.798,1,0.650
24.057,12.824,0,0.879
26.188,9.401,0,0.647
29.642,9.330,1,0.731
17.672,5.681,1,0.460
12.525,13.525,0,0.650
6.432,11.128,1,0.650
24.122,11.663,1,0.879
25.145,14.322,1,0.883
16.596,12.963,1,0.874
14.294,15.643,1,0.880
26.507,11.847,0,0.882
10.654,3.010,1,0.630
7.546,8.626,0,0.092
19.570,5.625,1,0.596
4.160,11.942,0,0.463
27.504,10.723,0,0.870
22.979,6.650,0,0.465
14.499,13.643,1,0.881
25.785,3.661,0,0.650
7.623,1.883,0,0.250
26.819,1.394,0,0.650
10.418,12.557,1,0.824
0.371,8.944,0,0.093
29.710,13.100,0,0.883
22.526,12.783,0,0.872
11.420,0.169,0,0.459
20.197,7.432,0,0.457
15.643,8.492,0,0.250
20.396,2.825,0,0.650
7.030,7.025,0,0.091
0.849,10.285,0,0.460
28.719,2.240,0,0.650
12.888,10.137,1,0.863
1.695,3.747,0,0.250
21.525,9.987,0,0.857
11.292,2.993,1,0.650
0.396,3.256,0,0.250
3.468,2.598,0,0.250
3.806,1.743,0,0.250
5.542,4.278,0,0.221
23.863,12.617,0,0.878
5.198,4.540,1,0.345
26.508,9.057,0,0.488
3.491,6.160,1,0.250
19.529,6.701,0,0.394
24.890,7.808,0,0.462
29.030,10.727,1,0.870
28.003,4.491,0,0.555
2.320,10.137,0,0.459
18.547,15.565,1,0.860
12.385,13.255,1,0.870
2.402,12.007,1,0.650
14.962,0.249,1,0.650
13.678,5.708,0,0.250
22.706,3.797,1,0.871
12.285,4.849,0,0.282
21.303,10.318,1,0.866
1.245,7.037,0,0.083
5.270,4.738,1,0.305
5.194,13.410,0,0.462
20.900,0.440,1,0.865
0.609,0.686,0,0.250
16.608,13.512,0,0.650
16.395,9.636,0,0.524
27.873,3.369,0,0.650
5.353,10.224,0,0.459
25.222,4.008,0,0.648
9.839,3.295,0,0.367
25.980,15.853,1,0.883
12.956,14.526,1,0.873
4.362,14.782,0,0.463
26.330,4.781,1,0.698
10.575,0.873,1,0.625
5.671,4.137,0,0.237
6.792,7.628,0,0.091
28.090,4.443,0,0.564
0.605,7.272,1,0.250
19.447,15.948,1,0.857
1.861,5.609,0,0.081
18.456,4.687,0,0.359
26.867,13.084,1,0.883
28.896,4.341,0,0.582
21.753,9.129,0,0.526
5.823,11.191,0,0.461
12.435,4.261,1,0.597
22.761,11.116,0,0.874
0.575,10.676,0,0.462
9.549,5.934,1,0.331
2.421,0.483,0,0.250
15.939,2.201,0,0.466
11.396,12.219,0,0.650
17.114,9.021,0,0.263
11.251,9.301,1,0.606
10.186,3.809,1,0.598
26.249,1.008,1,0.883
9.942,9.845,1,0.689
4.528,4.068,0,0.244
17.309,7.288,0,0.250
25.861,5.111,0,0.462
19.534,0.860,1,0.800
8.473,9.321,1,0.408
28.202,1.559,1,0.883
22.501,14.584,0,0.872
19.065,9.102,1,0.570
27.531,15.716,0,0.883
17.673,8.728,1,0.457
10.838,10.008,1,0.852
11.546,7.631,0,0.250
0.454,12.270,0,0.467
2.079,8.592,0,0.091
15.754,2.158,0,0.466
1.385,10.236,1,0.650
7.334,1.227,1,0.458
23.036,7.816,0,0.462
12.482,3.018,0,0.463
28.343,1.510,1,0.883
13.107,15.606,0,0.650
23.670,4.906,0,0.480
6.078,14.471,0,0.460
3.695,7.509,0,0.085
12.333,10.537,1,0.868
3.491,5.760,1,0.250
13.489,9.587,1,0.717
13.712,4.638,0,0.325
13.149,11.452,0,0.650
28.555,12.706,1,0.883
27.331,2.318,0,0.650
21.265,6.410,0,0.460
11.764,3.248,0,0.460
10.387,0.776,1,0.612
26.934,0.224,1,0.883
23.174,15.553,1,0.875
20.812,11.889,1,0.864
17.938,13.667,0,0.650
1.993,14.707,0,0.466
21.142,7.420,1,0.650
7.352,13.275,0,0.458
23.275,13.090,1,0.876
22.137,12.249,1,0.871
20.044,6.749,0,0.457
9.270,11.151,0,0.495
11.905,11.033,0,0.650
0.057,8.995,0,0.094
3.319,8.702,0,0.092
0.358,0.752,0,0.250
13.317,3.821,0,0.463
1.719,13.579,0,0.466
9.067,15.340,0,0.465
19.058,15.591,0,0.744
5.927,13.920,0,0.460
19.687,8.123,0,0.414
8.126,2.973,0,0.250
7.521,13.446,1,0.650
0.742,10.207,0,0.459
5.403,4.196,0,0.231
23.804,10.947,1,0.873
23.480,5.194,1,0.650
17.106,15.649,1,0.870
19.607,11.745,0,0.809
12.420,10.288,1,0.865
28.934,7.420,1,0.650
26.351,9.080,0,0.501
27.918,3.279,1,0.879
0.729,7.212,0,0.084
29.066,12.563,1,0.883
23.875,7.466,0,0.463
6.394,10.723,1,0.650
13.315,10.948,1,0.873
16.131,11.632,1,0.876
4.521,3.671,0,0.250
23.235,7.616,1,0.650
24.515,11.146,0,0.875
21.878,5.852,1,0.650
5.504,2.696,1,0.461
7.479,10.197,0,0.457
10.643,9.856,1,0.763
28.810,0.271,0,0.650
26.057,14.248,0,0.883
24.168,4.819,1,0.689
6.138,14.304,0,0.460
14.528,0.546,0,0.466
18.660,8.933,1,0.507
25.313,6.443,0,0.466
21.074,9.703,0,0.759
3.532,4.780,0,0.138
16.644,11.813,1,0.873
29.297,5.871,1,0.650
17.738,4.114,0,0.435
18.262,8.916,0,0.274
28.574,4.410,1,0.779
24.347,11.658,0,0.880
5.145,2.303,0,0.250
14.683,3.044,0,0.467
16.492,3.391,1,0.650
1.000,13.371,1,0.650
12.924,1.214,1,0.650
8.715,6.766,1,0.250
28.670,8.350,0,0.459
13.100,15.514,0,0.650
21.187,11.350,1,0.866
15.795,10.188,1,0.864
2.052,3.466,0,0.250
17.791,1.348,1,0.650
27.198,14.063,0,0.883
23.181,0.242,1,0.875
23.758,7.933,0,0.461
3.369,14.248,1,0.650
26.228,7.417,1,0.650
6.032,10.155,0,0.459
19.283,14.621,0,0.770
22.972,13.655,0,0.874
14.749,4.344,1,0.582
26.218,15.741,1,0.883
18.301,0.627,1,0.673
19.528,10.254,0,0.799
3.563,12.620,1,0.650
9.318,9.123,1,0.418
6.551,9.306,1,0.402
11.811,10.751,1,0.867
4.670,12.456,1,0.650
6.234,10.544,0,0.460
15.546,3.497,1,0.650
20.538,6.308,1,0.650
22.653,2.516,0,0.650
14.220,15.010,1,0.879
11.942,0.544,1,0.650
22.508,13.608,1,0.872
29.857,1.540,1,0.883
17.182,15.781,0,0.650
15.076,7.904,1,0.462
15.999,13.916,0,0.650
24.183,3.843,0,0.650
16.825,9.288,1,0.600
2.983,1.935,1,0.465
19.327,8.764,1,0.569
21.825,10.844,1,0.869
17.093,4.693,0,0.314
15.305,14.478,0,0.650
8.941,0.847,0,0.250
19.895,5.765,1,0.636
26.805,11.325,1,0.876
19.757,3.397,1,0.828
18.714,2.661,1,0.709
28.995,4.737,1,0.707
24.597,12.334,1,0.881
16.517,7.639,1,0.463
18.497,5.731,0,0.289
27.497,12.720,0,0.883
13.934,12.565,1,0.878
7.875,0.634,1,0.457
1.724,0.481,1,0.466
0.813,10.771,0,0.463
2.330,2.718,0,0.250
29.628,9.109,0,0.516
20.023,1.455,0,0.650
27.822,5.375,1,0.650
22.888,13.009,0,0.874
23.712,0.325,1,0.878
29.896,15.481,0,0.883
10.575,9.058,1,0.465
29.905,2.133,1,0.883
26.461,5.473,0,0.465
11.102,4.791,0,0.298
14.085,11.763,1,0.879
20.064,9.613,1,0.795
3.890,5.637,1,0.250
3.308,5.027,0,0.088
11.772,10.923,0,0.650
26.748,9.846,0,0.808
9.369,4.916,1,0.360
27.591,10.405,1,0.867
18.894,10.150,1,0.858
26.026,4.407,1,0.779
1.205,3.347,0,0.250
26.032,13.412,1,0.883
26.764,0.759,1,0.883
7.306,9.207,0,0.218
29.851,4.151,1,0.835
5.547,9.274,1,0.388
0.969,15.916,1,0.650
7.355,7.990,1,0.250
9.380,9.624,0,0.391
2.363,8.837,0,0.093
2.488,3.133,1,0.465
22.281,4.856,1,0.682
25.930,6.465,1,0.650
24.834,1.138,1,0.882
4.716,14.352,1,0.650
29.974,2.244,1,0.883
16.633,2.579,0,0.464
6.400,8.869,1,0.250
26.943,13.460,1,0.883
2.239,7.514,0,0.085
20.517,1.533,0,0.650
19.780,7.825,0,0.426
23.769,8.366,0,0.459
29.406,6.797,0,0.466
15.134,14.199,0,0.650
10.328,9.444,1,0.607
8.135,7.820,1,0.250
24.339,9.167,0,0.545
1.442,7.242,0,0.084
11.034,13.773,1,0.862
27.371,14.019,0,0.883
25.875,7.998,0,0.461
8.909,0.361,0,0.250
5.774,5.065,0,0.088
9.659,6.246,1,0.346
26.342,3.675,1,0.873
29.334,8.395,1,0.650
29.161,10.108,0,0.863
9.850,7.205,0,0.206
6.159,13.398,1,0.650
20.913,13.075,0,0.865
25.305,11.914,1,0.882
18.064,8.636,0,0.255
11.023,13.570,0,0.650
12.959,10.543,0,0.650
7.952,15.057,0,0.457
5.193,3.105,1,0.462
29.679,14.071,1,0.883
26.789,10.757,0,0.870
4.408,4.234,0,0.226
7.144,10.718,1,0.650
28.051,15.388,1,0.883
15.024,4.760,1,0.506
4.324,1.676,1,0.463
4.160,8.593,0,0.091
9.482,7.793,0,0.170
23.983,9.370,1,0.741
29.355,12.161,0,0.883
29.403,10.386,1,0.866
29.585,3.248,0,0.650
2.255,12.440,0,0.466
3.729,8.468,0,0.091
10.879,13.204,0,0.643
1.455,8.564,1,0.250
21.323,3.285,1,0.867
28.058,3.839,0,0.650
26.972,4.710,0,0.515
1.340,0.925,1,0.466
20.907,9.324,1,0.730
0.336,10.731,1,0.650
18.592,14.620,1,0.860
9.803,8.926,0,0.203
26.689,11.477,1,0.878
24.890,12.002,0,0.883
20.597,11.227,0,0.863
1.841,1.674,1,0.466
25.675,8.765,0,0.457
9.501,13.217,1,0.727
13.160,9.950,0,0.632
29.862,11.393,0,0.877
23.484,12.204,0,0.877
4.793,3.260,1,0.462
29.253,0.759,1,0.883
18.342,0.693,0,0.483
22.752,15.914,1,0.873
13.403,1.897,1,0.650
2.148,15.824,1,0.650
20.309,12.928,1,0.862
0.097,10.258,1,0.650
0.482,3.925,1,0.462
28.574,2.797,1,0.883
6.070,6.823,1,0.250
27.925,1.298,1,0.883
6.550,5.561,1,0.250
8.385,13.495,0,0.456
29.702,11.848,0,0.882
5.142,3.230,0,0.250
5.802,11.659,1,0.650
7.963,1.397,1,0.457
21.647,1.819,1,0.868
8.515,10.633,0,0.455
18.770,4.906,0,0.350
10.667,2.788,1,0.631
4.489,4.515,1,0.350
23.553,8.034,0,0.461
29.841,14.149,0,0.883
0.547,15.586,1,0.650
26.650,1.014,0,0.650
19.001,14.117,1,0.857
16.121,12.174,0,0.650
15.358,4.367,1,0.577
27.282,12.237,0,0.883
17.702,8.585,1,0.458
8.855,4.832,1,0.309
20.393,10.252,0,0.862
21.325,2.394,1,0.867
6.163,5.374,0,0.089
25.468,8.452,0,0.459
15.656,10.872,0,0.650
21.123,2.539,1,0.866
4.217,15.379,0,0.463
24.278,9.084,0,0.503
12.869,9.080,0,0.296
26.241,7.069,1,0.650
2.749,4.188,0,0.231
6.112,3.205,0,0.250
17.127,12.014,0,0.650
23.770,14.714,1,0.878
28.327,13.496,0,0.883
29.986,13.530,0,0.883
5.867,14.984,1,0.650
8.869,8.886,0,0.095
3.034,15.626,0,0.465
29.190,8.826,0,0.457
29.703,11.829,0,0.881
16.669,12.247,1,0.873
5.656,5.049,1,0.250
17.558,8.726,1,0.457
21.825,1.631,1,0.869
25.018,2.545,0,0.650
21.030,4.082,0,0.632
24.955,10.076,0,0.863
5.075,7.558,1,0.250
6.260,7.741,0,0.089
27.429,3.523,0,0.650
5.376,3.919,0,0.250
10.247,14.446,1,0.810
18.703,8.916,0,0.306
13.190,1.059,1,0.650
5.118,7.918,0,0.087
7.318,10.631,0,0.458
23.247,13.058,0,0.876
26.580,14.557,0,0.883
19.566,13.956,1,0.858
13.400,9.182,1,0.552
11.206,11.188,1,0.863
1.253,3.130,1,0.466
17.672,0.616,0,0.460
20.344,14.919,0,0.862
22.203,9.961,0,0.848
5.044,7.213,0,0.087
3.369,12.347,0,0.464
25.912,15.179,1,0.883
6.357,7.558,0,0.090
27.549,10.522,1,0.868
26.796,14.336,1,0.883
25.155,5.529,1,0.650
16.276,5.617,0,0.250
8.833,5.131,0,0.095
29.212,2.600,0,0.650
24.366,0.177,0,0.650
20.776,14.660,0,0.864
12.228,5.287,0,0.250
0.520,1.262,0,0.250
19.139,15.639,0,0.753
27.942,11.916,1,0.882
5.305,2.888,0,0.250
26.690,0.931,1,0.883
3.817,7.259,0,0.084
29.333,2.550,1,0.883
23.749,14.112,1,0.878
14.702,0.579,0,0.467
19.623,6.966,0,0.406
2.563,15.537,0,0.465
2.169,0.631,0,0.250
21.990,11.938,1,0.870
1.420,3.212,1,0.466
17.767,13.538,1,0.866
4.145,15.276,1,0.650
28.797,4.956,1,0.660
23.871,5.520,0,0.465
2.303,11.061,0,0.464
6.965,9.188,1,0.350
22.938,4.373,0,0.576
22.838,0.079,1,0.874
26.215,12.866,1,0.883
12.679,13.130,0,0.650
26.130,7.679,0,0.463
1.965,13.997,0,0.466
21.466,14.554,0,0.867
12.229,6.427,1,0.462
18.309,7.090,0,0.274
5.772,9.254,1,0.380
15.717,7.194,1,0.464
0.991,12.183,0,0.466
3.894,1.251,0,0.250
1.675,2.328,1,0.466
3.788,2.622,0,0.250
5.869,8.206,1,0.250
9.341,4.248,0,0.252
28.655,15.706,1,0.883
15.328,11.784,0,0.650
15.936,3.883,0,0.462
14.243,15.381,1,0.879
26.710,7.567,0,0.463
11.500,9.738,1,0.771
12.735,1.305,0,0.463
15.637,11.957,0,0.650
22.816,15.025,0,0.874
13.780,11.754,0,0.650
6.144,6.554,0,0.089
11.057,9.232,0,0.370
6.074,7.337,0,0.089
19.508,6.770,0,0.392
2.067,9.164,0,0.197
17.823,10.329,0,0.650
12.859,15.296,0,0.650
23.241,4.744,0,0.509
20.276,6.805,1,0.650
22.211,7.319,0,0.463
29.546,6.356,0,0.466
5.382,8.506,0,0.091
27.997,14.218,1,0.883
8.855,7.161,1,0.250
20.537,3.785,1,0.863
5.278,7.256,0,0.087
28.432,1.635,1,0.883
19.000,4.946,0,0.357
13.998,14.286,1,0.878
4.850,11.998,1,0.650
18.956,12.201,0,0.733
21.834,0.312,0,0.650
10.209,12.605,1,0.807
1.090,13.820,0,0.466
4.303,12.029,0,0.463
24.061,12.846,0,0.879
17.046,4.228,1,0.603
14.816,2.143,1,0.650
1.207,9.161,1,0.337
13.428,9.326,1,0.616
7.932,14.928,0,0.457
8.633,0.463,1,0.455
25.203,15.473,1,0.883
10.152,10.729,1,0.802
12.404,4.068,1,0.635
2.172,14.315,0,0.466
13.845,10.509,0,0.650
29.129,4.389,0,0.574
15.938,7.219,1,0.464
18.378,10.760,0,0.679
17.933,8.480,1,0.459
8.482,4.714,0,0.172
13.579,2.110,1,0.650
0.167,7.633,1,0.250
27.459,5.443,0,0.465
3.757,5.911,0,0.084
26.169,12.367,1,0.883
27.022,13.350,0,0.883
1.823,10.674,0,0.462
7.994,7.811,0,0.093
16.859,1.916,1,0.650
16.926,15.071,1,0.871
2.378,6.763,1,0.250
15.067,15.411,1,0.883
23.547,4.898,0,0.481
13.035,4.558,0,0.341
20.525,5.166,0,0.458
11.119,12.003,0,0.650
21.348,9.362,1,0.739
2.148,5.836,0,0.081
24.274,12.832,0,0.880
14.878,14.617,1,0.883
19.114,11.403,0,0.750
15.178,14.814,0,0.650
28.547,4.306,0,0.589
6.726,5.293,0,0.090
14.936,15.980,0,0.650
18.196,14.221,0,0.665
15.659,3.811,1,0.650
17.860,14.264,1,0.865
17.338,12.950,0,0.650
29.303,4.708,0,0.516
19.645,3.791,1,0.814
7.204,7.685,1,0.250
29.285,11.169,0,0.875
26.965,8.072,0,0.461
29.642,15.918,0,0.883
2.539,8.781,1,0.250
8.973,3.736,1,0.454
27.021,1.016,0,0.650
15.038,13.456,1,0.883
4.966,11.559,1,0.650
27.769,10.242,0,0.865
13.400,14.385,1,0.875
16.053,5.012,1,0.461
13.606,2.444,0,0.465
16.964,7.722,1,0.462
19.591,10.462,0,0.807
6.360,12.799,1,0.650
13.161,2.829,0,0.464
5.619,8.896,1,0.250
21.268,11.754,1,0.866
14.390,13.182,0,0.650
7.247,5.488,0,0.091
21.540,4.438,0,0.565
29.361,12.193,0,0.883
25.415,4.818,0,0.496
7.141,5.029,0,0.091
5.031,13.360,0,0.462
19.392,6.582,0,0.378
22.008,0.616,0,0.650
7.452,12.316,1,0.650
19.089,14.360,1,0.856
27.600,5.320,0,0.464
11.550,1.943,0,0.460
24.307,0.218,0,0.650
17.009,15.719,0,0.650
2.300,0.934,0,0.250
9.442,7.201,0,0.165
5.465,4.405,1,0.373
8.519,0.475,0,0.250
23.005,15.207,1,0.875
18.023,9.896,1,0.825
0.740,9.751,0,0.400
27.651,9.382,0,0.639
20.905,12.573,1,0.865
16.203,7.151,0,0.250
19.435,6.282,1,0.581
10.990,4.622,0,0.328
5.157,11.272,0,0.462
29.365,5.259,0,0.463
18.228,0.361,1,0.667
17.937,12.412,0,0.650
3.447,7.171,0,0.084
0.910,2.215,1,0.466
17.594,1.353,1,0.650
25.827,9.764,0,0.780
13.493,1.918,1,0.650
29.897,3.882,1,0.870
6.481,1.107,1,0.459
11.748,4.241,1,0.601
12.878,12.776,1,0.872
28.501,15.069,1,0.883
13.162,15.439,0,0.650
7.644,6.996,0,0.092
18.793,4.098,1,0.685
10.680,3.581,1,0.632
17.689,5.534,0,0.250
2.804,0.442,1,0.465
29.094,11.572,1,0.879
27.878,4.404,0,0.571
20.693,3.537,1,0.864
29.609,9.837,0,0.805
26.070,15.209,1,0.883
26.636,4.480,0,0.557
20.234,1.432,0,0.650
21.613,8.538,0,0.458
28.034,9.542,0,0.701
5.625,12.776,0,0.461
24.432,15.920,1,0.881
25.951,7.115,1,0.650
19.582,11.722,0,0.806
19.629,14.849,1,0.858
2.764,0.275,0,0.250
24.753,12.906,1,0.882
9.855,14.795,1,0.772
13.112,13.513,0,0.650
14.336,15.203,0,0.650
26.476,7.256,0,0.464
19.798,7.741,1,0.624
17.354,8.849,1,0.457
27.698,6.482,1,0.650
10.600,13.645,0,0.627
18.812,1.050,1,0.718
9.422,5.509,0,0.163
16.319,13.972,1,0.875
15.664,1.995,1,0.650
7.429,11.442,1,0.650
4.704,8.211,1,0.250
6.476,15.363,1,0.650
9.731,15.377,1,0.757
4.787,10.782,1,0.650
16.121,6.957,1,0.465
28.115,8.301,1,0.650
17.301,12.430,1,0.869
15.755,9.461,0,0.462
29.002,8.056,1,0.650
23.192,2.714,0,0.650
20.702,5.301,1,0.650
19.494,14.373,1,0.858
16.658,10.081,0,0.650
23.364,4.513,0,0.551
8.897,5.245,1,0.250
20.669,10.765,1,0.864
29.599,15.996,0,0.883
25.873,4.208,0,0.607
9.989,7.213,1,0.383
17.260,14.913,1,0.869
9.743,2.176,1,0.556
14.292,15.287,0,0.650
22.720,6.916,1,0.650
4.800,14.676,0,0.462
29.794,7.585,0,0.463
0.766,15.791,0,0.467
2.498,14.503,1,0.650
7.471,6.133,1,0.250
23.621,6.592,0,0.466
11.471,4.674,0,0.318
8.929,7.872,0,0.095
2.527,5.938,1,0.250
9.921,4.165,1,0.496
22.641,14.226,0,0.873
13.715,5.359,0,0.250
2.800,3.579,1,0.465
7.442,10.757,0,0.458
3.027,4.537,1,0.346
10.914,6.078,1,0.453
12.051,6.446,0,0.250
17.740,2.018,1,0.650
2.737,6.227,1,0.250
24.551,10.109,0,0.863
15.520,0.074,0,0.466
24.913,1.093,1,0.883
23.172,9.673,0,0.748
17.915,2.340,0,0.460
26.361,15.150,0,0.883
13.200,9.359,1,0.630
14.746,15.375,1,0.882
3.717,1.404,1,0.464
21.395,13.860,0,0.867
20.917,6.648,1,0.650
6.213,8.272,0,0.089
26.456,2.203,1,0.883
9.740,2.440,1,0.555
6.065,14.982,0,0.460
11.105,2.051,1,0.650
20.581,15.917,1,0.863
21.459,5.504,0,0.461
7.137,15.938,0,0.458
18.900,1.285,1,0.727
11.041,2.074,0,0.458
6.870,12.750,0,0.459
13.417,2.720,1,0.650
6.230,5.010,0,0.089
12.835,7.622,0,0.250
29.219,14.170,1,0.883
19.126,8.671,1,0.548
3.479,12.775,0,0.464
24.533,10.337,0,0.866
8.370,4.042,1,0.440
4.205,15.386,0,0.463
3.565,11.452,1,0.650
28.783,10.172,0,0.864
15.690,2.451,0,0.466
26.834,15.742,0,0.883
12.902,10.081,0,0.650
0.285,14.896,0,0.467
25.238,11.199,1,0.875
10.663,10.953,0,0.631
13.584,11.897,0,0.650
15.490,13.138,0,0.650
0.022,12.478,0,0.467
27.276,5.816,0,0.466
28.535,1.801,1,0.883
28.630,9.439,0,0.662
16.379,13.909,1,0.875
19.237,5.773,0,0.360
7.763,1.230,1,0.457
23.606,2.774,0,0.650
13.010,13.837,1,0.873
0.716,12.728,1,0.650
13.052,4.509,0,0.351
8.912,13.165,1,0.650
28.672,2.744,1,0.883
7.898,11.916,1,0.650
19.775,5.269,0,0.426
6.300,9.176,0,0.203
1.156,4.731,1,0.306
5.007,5.057,1,0.250
17.459,12.684,0,0.650
21.230,3.983,0,0.650
14.698,10.245,0,0.650
21.854,5.261,1,0.650
13.871,12.886,0,0.650
0.430,2.087,1,0.467
24.534,8.098,1,0.650
27.239,12.658,0,0.883
6.511,8.923,1,0.250
0.807,9.749,0,0.399
1.038,4.411,1,0.371
14.914,12.783,0,0.650
18.469,12.979,0,0.687
0.518,5.089,1,0.250
9.019,3.052,1,0.457
11.112,1.797,1,0.650
25.716,7.307,1,0.650
24.543,8.520,1,0.650
15.240,3.366,1,0.650
8.514,15.493,0,0.455
11.427,11.180,1,0.864
4.852,1.674,1,0.462
18.589,9.413,1,0.652
2.648,7.616,1,0.250
14.218,2.965,1,0.650
10.962,14.732,0,0.648
29.796,12.557,0,0.883
21.742,3.719,0,0.650
6.434,14.612,1,0.650
13.501,3.323,0,0.465
4.653,11.304,0,0.462
8.347,15.721,1,0.650
2.692,5.158,0,0.086
12.157,6.091,1,0.462
3.548,0.308,1,0.464
6.416,13.317,1,0.650
29.634,4.000,0,0.650
9.883,15.785,0,0.571
0.962,15.136,1,0.650
15.006,14.855,1,0.883
15.977,12.108,0,0.650
12.385,3.542,1,0.650
16.735,4.788,0,0.295
28.522,5.866,1,0.650
15.928,10.061,1,0.863
19.481,0.875,0,0.586
6.261,15.921,0,0.460
4.117,1.741,1,0.463
12.818,4.158,0,0.425
24.240,8.370,0,0.459
6.331,0.093,0,0.250
27.036,3.586,0,0.650
18.158,10.051,0,0.662
19.736,15.382,0,0.825
6.500,9.727,1,0.556
25.893,15.411,1,0.883
26.614,11.740,0,0.881
23.139,12.503,1,0.875
8.774,2.109,0,0.250
17.930,12.572,0,0.650
1.039,9.850,1,0.597
3.150,14.113,0,0.465
19.604,11.064,1,0.858
19.445,1.479,1,0.789
22.421,15.712,1,0.872
16.689,4.332,0,0.388
13.422,8.645,0,0.250
2.541,14.364,0,0.465
6.366,15.763,1,0.650
15.266,2.813,0,0.467
26.058,11.432,1,0.878
2.542,2.796,0,0.250
16.008,5.712,1,0.466
5.299,13.850,0,0.461
9.787,13.958,1,0.764
21.235,10.765,1,0.866
10.436,7.482,0,0.235
15.830,11.100,0,0.650
13.049,14.132,1,0.873
11.076,1.128,1,0.650
21.875,8.398,0,0.459
14.772,1.335,1,0.650
9.366,2.163,0,0.307
2.859,4.122,1,0.433
26.468,8.585,1,0.650
12.319,10.330,0,0.650
15.101,11.466,0,0.650
18.770,14.083,1,0.859
5.539,10.425,0,0.461
2.026,4.552,1,0.342
25.151,14.820,1,0.883
0.078,6.383,0,0.079
24.320,5.645,1,0.650
10.315,15.935,1,0.816
23.730,9.393,0,0.644
9.024,6.397,1,0.254
9.840,2.996,1,0.566
15.082,4.968,0,0.257
14.865,9.158,1,0.541
7.009,14.953,1,0.650
24.336,14.937,1,0.880
5.293,8.886,0,0.093
5.743,7.459,1,0.250
2.188,3.091,0,0.250
1.801,9.218,1,0.364
9.100,11.468,1,0.666
15.598,6.067,0,0.250
19.660,15.219,0,0.816
9.714,6.418,1,0.352
27.036,4.895,0,0.482
3.305,0.459,0,0.250
10.734,13.922,1,0.846
6.745,9.259,1,0.382
9.785,15.121,1,0.764
3.707,7.893,0,0.087
0.040,12.697,1,0.650
21.817,10.252,1,0.865
5.715,4.768,0,0.140
12.576,3.777,0,0.463
2.964,12.492,0,0.465
3.871,9.206,1,0.358
8.859,4.759,1,0.327
15.210,5.572,1,0.465
27.166,3.632,1,0.874
14.054,5.501,1,0.465
25.860,2.000,0,0.650
1.490,4.155,0,0.235
13.289,3.921,1,0.650
3.326,13.173,1,0.650
23.755,5.566,1,0.650
12.386,7.404,1,0.462
29.444,11.873,0,0.882
17.820,9.887,1,0.823
8.971,13.488,0,0.454
16.792,9.546,0,0.493
5.129,5.878,1,0.250
11.313,1.176,0,0.459
22.772,12.245,1,0.874
27.580,3.088,0,0.650
6.915,13.557,1,0.650
1.597,15.525,1,0.650
15.472,7.905,1,0.462
29.699,0.507,1,0.883
22.821,2.063,0,0.650
18.351,8.370,0,0.277
9.161,3.529,1,0.480
6.619,4.643,0,0.165
13.647,6.429,0,0.250
26.827,6.204,1,0.650
29.724,2.271,1,0.883
20.449,7.386,0,0.458
1.907,0.124,0,0.250
6.617,3.245,1,0.459
7.641,12.650,0,0.457
17.873,3.948,1,0.650
13.897,5.510,0,0.250
11.825,7.469,0,0.250
8.006,0.128,0,0.250
0.359,12.892,1,0.650
28.807,6.840,0,0.465
29.990,5.541,0,0.465
21.456,0.517,1,0.867
25.949,8.039,0,0.461
22.564,7.097,0,0.464
9.721,8.164,0,0.197
4.420,8.458,0,0.090
7.448,15.508,0,0.458
6.036,1.104,0,0.250
29.283,14.837,0,0.883
10.268,9.971,1,0.792
13.826,4.953,0,0.260
8.996,12.736,0,0.454
6.731,1.475,0,0.250
0.506,0.129,0,0.250
19.786,4.203,1,0.770
8.455,15.006,0,0.456
20.972,11.311,0,0.865
7.289,2.195,0,0.250
19.165,6.584,1,0.552
27.161,12.028,0,0.883
17.260,1.398,0,0.462
2.978,0.991,0,0.250
29.841,13.789,0,0.883
28.801,7.013,1,0.650
14.894,7.639,1,0.463
11.419,13.245,0,0.650
10.220,13.256,0,0.600
25.343,14.716,1,0.883
0.299,4.161,1,0.424
7.148,1.768,1,0.458
13.531,2.549,1,0.650
24.326,2.881,1,0.880
15.477,11.386,0,0.650
6.050,13.764,1,0.650
13.146,8.978,1,0.456
14.111,9.462,1,0.671
2.234,6.204,1,0.250
20.426,1.441,0,0.650
23.372,4.252,1,0.813
15.463,2.155,1,0.650
4.239,13.731,0,0.463
24.919,11.416,1,0.877
17.957,11.539,0,0.650
2.971,13.612,0,0.465
7.088,10.446,1,0.650
25.494,3.952,1,0.868
9.570,15.955,1,0.736
23.837,7.905,1,0.650
16.832,8.577,1,0.458
25.084,15.614,0,0.883
3.998,15.161,0,0.463
11.498,5.936,1,0.459
28.848,11.061,0,0.874
13.699,11.767,1,0.877
11.200,8.592,0,0.250
9.881,11.003,0,0.570
17.733,7.048,0,0.250
9.910,7.257,0,0.210
11.859,14.832,1,0.867
6.868,12.763,0,0.459
18.313,1.370,1,0.674
14.694,14.065,1,0.882
21.215,12.029,1,0.866
19.956,11.505,0,0.854
10.381,3.828,1,0.612
9.247,13.315,0,0.492
15.336,7.699,0,0.250
27.348,3.879,0,0.650
6.965,15.891,0,0.458
14.950,15.277,0,0.650
9.807,8.222,1,0.363
3.072,2.673,1,0.465
25.447,6.630,0,0.466
20.384,13.602,0,0.862
8.492,4.761,0,0.164
19.732,4.799,0,0.477
0.417,13.425,0,0.467
29.027,5.776,1,0.650
27.939,1.106,1,0.883
5.255,11.787,0,0.462
24.939,7.932,1,0.650
6.611,14.083,1,0.650
14.367,8.068,1,0.461
7.126,13.937,1,0.650
0.389,5.282,0,0.085
27.523,6.846,0,0.465
6.101,15.707,0,0.460
1.434,10.735,0,0.462
21.584,2.687,0,0.650
22.745,7.710,0,0.462
9.270,4.267,1,0.399
21.562,12.610,0,0.868
17.503,4.517,0,0.350
13.317,6.750,0,0.250
27.242,12.412,0,0.883
29.129,9.006,1,0.652
1.154,7.871,0,0.087
18.882,12.956,0,0.725
23.736,7.694,0,0.462
1.124,13.903,1,0.650
28.409,14.102,1,0.883
28.729,14.219,0,0.883
29.658,15.166,0,0.883
17.356,6.394,1,0.462
16.461,5.426,0,0.250
27.161,9.932,1,0.851
17.829,9.114,1,0.519
7.348,0.076,0,0.250
11.190,11.961,0,0.650
19.259,13.053,0,0.767
17.189,11.530,0,0.650
25.892,7.155,1,0.650
4.225,6.402,1,0.250
17.644,12.494,0,0.650
12.552,11.953,0,0.650
14.509,0.248,1,0.650
10.551,4.396,1,0.539
26.314,14.072,0,0.883
5.010,12.583,1,0.650
17.992,11.214,0,0.650
2.973,13.244,0,0.465
20.811,4.603,0,0.534
22.311,14.920,1,0.871
17.705,9.051,1,0.485
23.270,14.995,1,0.876
0.581,1.316,1,0.467
27.115,12.467,0,0.883
28.352,1.049,1,0.883
28.016,9.937,0,0.840
9.960,14.359,0,0.578
26.811,8.241,1,0.650
12.847,13.775,0,0.650
12.373,10.135,1,0.863
28.464,8.407,0,0.459
6.993,4.670,0,0.160
0.821,13.681,0,0.466
20.733,3.824,1,0.864
11.423,9.811,0,0.584
23.684,9.567,0,0.710
15.541,9.736,1,0.770
4.345,4.439,1,0.365
14.898,7.862,1,0.462
25.929,0.709,0,0.650
1.337,3.674,1,0.464
2.733,4.945,0,0.101
4.995,6.102,0,0.087
9.216,2.734,1,0.488
28.112,14.254,0,0.883
14.867,9.404,0,0.441
21.020,4.286,0,0.592
11.754,10.355,1,0.866
13.438,1.249,0,0.465
25.792,6.781,1,0.650
15.912,6.770,0,0.250
28.339,6.987,1,0.650
23.685,11.238,1,0.876
25.719,4.373,1,0.787
27.330,11.855,0,0.882
22.443,7.707,1,0.650
18.535,5.972,0,0.292
12.479,15.375,1,0.870
12.552,10.663,0,0.650
29.247,9.118,0,0.521
7.844,14.268,0,0.457
1.960,6.827,1,0.250
3.337,11.833,0,0.464
9.946,4.012,0,0.375
3.174,6.867,0,0.083
15.094,5.784,0,0.250
25.220,10.222,0,0.864
2.575,1.154,0,0.250
8.636,12.355,0,0.455
16.065,2.455,1,0.650
13.093,5.762,1,0.464
9.100,7.175,0,0.114
10.799,6.589,1,0.445
7.030,5.411,1,0.250
13.204,13.157,1,0.874
9.163,7.604,1,0.276
9.557,14.720,1,0.734
27.697,1.284,1,0.883
12.756,7.813,0,0.250
12.231,5.950,0,0.250
23.411,4.511,1,0.756
11.386,12.206,0,0.650
15.920,8.468,0,0.250
22.097,2.610,1,0.870
16.246,11.684,0,0.650
16.721,15.093,0,0.650
11.542,2.171,0,0.460
28.625,15.998,0,0.883
1.886,13.912,1,0.650
17.402,12.774,0,0.650
16.222,10.192,0,0.650
12.745,15.479,1,0.872
8.430,11.283,1,0.650
2.655,6.215,0,0.082
6.402,11.588,1,0.650
1.148,10.198,1,0.650
2.272,14.621,1,0.650
16.615,13.331,0,0.650
14.203,13.069,0,0.650
26.956,7.414,0,0.464
16.716,12.272,1,0.873
12.574,0.006,0,0.463
12.599,0.784,0,0.463
24.836,12.758,1,0.882
20.713,10.293,0,0.864
7.038,13.306,1,0.650
29.997,11.375,1,0.877
14.902,5.302,1,0.464
4.580,8.993,1,0.250
19.841,5.974,0,0.435
1.382,8.931,1,0.250
8.371,2.680,1,0.456
10.998,3.845,1,0.650
22.401,5.884,1,0.650
11.219,10.937,0,0.650
20.101,2.908,0,0.650
6.318,7.632,1,0.250
20.916,15.159,0,0.865
29.209,9.519,1,0.775
2.617,12.250,0,0.465
2.283,10.242,0,0.459
20.792,6.025,1,0.650
29.130,14.288,1,0.883
21.430,4.162,0,0.616
16.744,9.697,1,0.756
14.405,0.799,0,0.466
16.304,9.290,1,0.601
23.050,3.152,1,0.875
0.352,11.435,1,0.650
13.258,7.595,1,0.463
23.116,0.476,0,0.650
17.199,5.866,1,0.462
19.902,0.450,1,0.847
28.504,15.620,1,0.883
12.437,11.584,1,0.870
24.505,4.920,0,0.477
0.840,4.650,0,0.164
25.466,9.062,1,0.666
0.814,7.064,1,0.250
23.354,2.010,0,0.650
14.583,3.939,1,0.650
24.061,3.982,1,0.868
10.842,14.335,1,0.852
15.940,0.710,1,0.650
28.645,10.828,1,0.871
28.705,6.105,0,0.467
27.538,1.506,0,0.650
23.047,12.390,1,0.875
11.615,0.043,1,0.650
15.081,9.745,1,0.773
26.166,9.184,1,0.696
20.467,0.426,0,0.650
5.130,10.870,1,0.650
16.322,12.880,0,0.650
9.088,12.421,0,0.468
20.477,0.740,1,0.863
0.377,0.141,0,0.250
3.435,6.931,0,0.084
17.594,15.817,1,0.867
29.714,15.153,0,0.883
28.477,11.907,1,0.882
17.176,7.300,0,0.250
15.802,15.392,0,0.650
26.252,11.144,1,0.875
12.140,7.177,0,0.250
6.767,5.950,1,0.250
21.666,6.815,1,0.650
24.575,6.870,0,0.465
22.183,11.089,1,0.871
24.940,0.275,0,0.650
1.084,5.593,0,0.081
8.669,5.346,0,0.095
5.692,13.892,0,0.461
14.305,3.916,0,0.462
21.953,15.622,1,0.870
29.414,2.506,0,0.650
29.116,7.701,0,0.462
5.794,2.561,1,0.461
13.135,1.345,1,0.650
29.186,11.922,1,0.882
17.595,1.128,0,0.461
18.436,3.541,0,0.490
9.251,1.974,1,0.493
24.288,8.195,0,0.460
4.794,14.622,1,0.650
18.505,7.324,1,0.495
19.320,12.824,0,0.774
0.897,8.825,0,0.093
10.203,11.927,1,0.806
24.935,1.231,0,0.650
14.244,9.378,1,0.638
20.171,2.457,0,0.650
6.147,8.903,0,0.093
23.894,9.597,1,0.792
20.108,12.780,0,0.861
1.047,4.329,0,0.215
12.399,7.611,0,0.250
17.135,9.647,0,0.528
21.221,13.726,1,0.866
16.410,12.497,1,0.875
21.847,2.196,0,0.650
20.283,13.019,1,0.862
22.483,4.073,0,0.634
7.429,1.769,0,0.250
26.150,7.217,1,0.650
6.568,7.369,0,0.090
26.102,2.634,1,0.883
11.944,14.966,1,0.867
1.336,12.620,1,0.650
16.869,1.789,1,0.650
6.158,4.017,1,0.456
25.521,14.166,1,0.883
21.998,9.625,1,0.797
4.026,8.801,1,0.250
2.506,13.692,1,0.650
5.378,12.057,1,0.650
29.962,14.945,0,0.883
0.206,8.426,1,0.250
16.615,5.803,1,0.464
29.181,13.855,0,0.883
26.090,13.312,1,0.883
21.764,11.745,1,0.869
19.999,7.551,1,0.650
20.811,13.758,1,0.864
8.717,9.236,1,0.372
26.789,9.205,0,0.563
0.008,9.657,1,0.531
17.458,14.374,1,0.868
17.901,14.103,1,0.865
3.108,4.612,1,0.330
21.364,0.713,0,0.650
27.187,4.160,0,0.617
2.793,5.834,1,0.250
12.044,9.206,1,0.564
16.893,9.899,1,0.827
22.108,9.555,0,0.706
9.941,3.795,1,0.576
19.678,2.114,1,0.818
4.179,14.577,0,0.463
21.936,0.489,1,0.870
3.293,2.743,0,0.250
22.164,7.127,1,0.650
20.142,15.827,1,0.861
12.186,12.344,1,0.869
6.846,13.196,0,0.459
29.457,7.227,1,0.650
16.322,13.813,1,0.875
26.189,1.117,1,0.883
19.830,11.077,1,0.859
22.307,6.210,0,0.463
19.560,7.500,0,0.398
15.059,9.728,0,0.556
2.149,15.860,1,0.650
27.505,6.685,0,0.466
5.122,14.179,0,0.462
19.956,10.959,1,0.860
0.825,11.756,0,0.466
20.882,1.958,1,0.865
17.968,15.156,1,0.864
9.144,0.621,0,0.273
19.364,12.503,1,0.857
3.519,15.967,1,0.650
21.448,3.610,1,0.867
24.123,8.204,1,0.650
9.471,0.785,1,0.522
28.105,7.554,0,0.463
3.847,12.005,1,0.650
21.604,10.840,0,0.868
25.701,8.166,1,0.650
15.370,5.021,1,0.461
18.459,0.711,1,0.686
12.051,10.968,0,0.650
13.581,14.670,0,0.650
2.125,2.498,1,0.466
20.629,5.548,1,0.650
5.855,4.865,0,0.120
21.529,14.281,1,0.868
23.392,4.433,1,0.774
20.671,14.222,1,0.864
11.687,8.980,1,0.456
5.972,7.954,0,0.089
11.464,5.090,1,0.459
21.938,6.787,0,0.462
28.478,2.986,1,0.883
1.329,8.613,1,0.250
6.754,7.199,1,0.250
8.403,4.981,1,0.257
18.600,4.689,0,0.375
0.291,14.172,1,0.650
3.293,1.135,1,0.464
8.011,0.858,0,0.250
2.696,4.859,1,0.280
22.634,13.463,0,0.873
20.860,2.697,1,0.864
4.739,1.819,0,0.250
1.728,10.475,1,0.650
1.268,5.615,1,0.250
3.170,2.913,1,0.465
23.426,14.946,0,0.876
22.629,7.266,0,0.464
13.659,1.471,0,0.465
11.430,8.322,0,0.250
0.761,4.283,0,0.221
14.346,7.890,0,0.250
0.297,10.610,1,0.650
29.509,3.868,1,0.870
7.998,0.330,0,0.250
20.529,15.155,0,0.863
27.272,0.359,0,0.650
21.428,9.507,0,0.688
29.266,5.093,1,0.650
5.270,15.988,0,0.461
21.124,2.725,1,0.866
24.645,11.938,1,0.882
21.471,8.966,1,0.650
1.153,5.715,1,0.250
8.834,13.203,0,0.455
19.271,8.443,0,0.364
5.267,8.151,0,0.089
17.291,7.208,1,0.462
25.828,11.371,0,0.877
2.263,2.348,1,0.465
11.837,3.605,0,0.461
29.454,3.372,1,0.878
8.254,1.517,0,0.250
18.010,5.152,1,0.460
22.980,3.146,0,0.650
3.737,13.468,1,0.650
0.506,8.148,0,0.089
5.779,4.643,1,0.324
23.533,12.090,0,0.877
3.750,0.492,0,0.250
23.671,0.205,0,0.650
26.812,2.570,1,0.883
19.638,4.169,1,0.748
23.999,6.570,0,0.466
10.791,0.985,0,0.445
15.903,9.567,1,0.710
3.870,8.721,1,0.250
29.212,3.201,1,0.880
5.434,8.484,0,0.091
17.784,10.754,0,0.650
21.676,5.851,1,0.650
20.289,1.815,1,0.862
12.308,15.036,1,0.869
4.810,8.195,0,0.089
1.367,4.774,0,0.139
21.695,5.330,1,0.650
14.634,0.653,1,0.650
14.736,10.019,1,0.862
5.987,9.530,1,0.487
26.912,10.267,1,0.865
1.228,3.304,0,0.250
19.642,10.560,1,0.858
9.013,8.093,1,0.252
8.038,10.445,0,0.456
15.579,13.985,0,0.650
29.562,1.038,0,0.650
24.511,5.372,0,0.464
14.162,4.172,1,0.614
5.645,4.920,0,0.107
28.682,12.882,0,0.883
29.738,3.194,0,0.650
10.393,13.506,0,0.613
7.028,0.083,0,0.250
12.754,6.392,0,0.250
27.580,6.590,0,0.466
7.707,13.419,0,0.457
16.418,4.036,1,0.642
7.280,12.593,1,0.650
6.526,6.038,0,0.090
23.457,5.302,0,0.464
2.096,9.475,0,0.322
18.335,3.643,1,0.676
20.804,3.488,0,0.650
11.569,0.513,0,0.460
29.291,3.648,1,0.873
9.211,9.213,0,0.289
11.844,7.109,1,0.461
11.117,12.024,1,0.863
13.671,6.943,0,0.250
28.290,13.518,1,0.883
23.280,0.822,1,0.876
5.910,9.418,0,0.304
15.288,0.830,0,0.467
20.016,15.049,0,0.860
1.225,0.838,1,0.466
7.479,4.110,1,0.427
15.210,0.376,0,0.467
12.636,4.136,1,0.621
14.423,6.043,0,0.250
21.344,5.717,1,0.650
26.223,2.419,0,0.650
29.640,15.557,0,0.883
28.516,0.800,1,0.883
18.458,12.288,1,0.861
27.048,0.477,1,0.883
13.158,8.461,1,0.459
5.871,1.657,0,0.250
27.549,5.951,0,0.467
9.250,13.604,1,0.690
23.083,4.491,1,0.761
14.708,5.339,0,0.250
2.901,0.237,1,0.465
14.778,14.381,0,0.650
6.162,9.954,0,0.447
27.624,9.504,0,0.687
25.331,8.087,1,0.650
19.574,11.795,0,0.805
1.005,12.620,1,0.650
18.142,9.120,0,0.351
4.835,12.060,0,0.462
18.353,12.410,1,0.862
14.445,4.512,1,0.551
1.112,0.177,0,0.250
20.432,1.507,1,0.862
29.890,10.463,0,0.867
20.298,3.695,1,0.862
21.326,8.252,1,0.650
27.632,3.340,1,0.878
17.809,10.897,1,0.866
16.283,15.035,1,0.876
18.025,1.476,0,0.461
7.185,6.459,1,0.250
10.758,1.377,0,0.443
8.454,12.730,0,0.456
18.935,4.689,1,0.624
14.139,11.653,0,0.650
0.019,5.746,0,0.080
1.139,15.102,1,0.650
12.926,5.394,1,0.464
28.869,10.523,1,0.868
6.462,2.410,0,0.250
15.837,15.346,1,0.878
5.795,11.119,1,0.650
17.922,14.641,1,0.865
19.637,0.666,1,0.813
18.173,10.233,0,0.663
6.044,9.179,1,0.346
4.102,5.405,0,0.085
10.243,6.105,0,0.227
26.256,15.744,1,0.883
27.054,14.475,1,0.883
1.081,7.475,1,0.250
5.076,7.888,0,0.087
26.253,15.337,1,0.883
17.448,8.773,1,0.457
3.083,15.110,0,0.465
19.875,2.567,1,0.843
21.449,6.646,0,0.461
16.794,8.226,1,0.460
13.014,8.515,0,0.250
13.447,8.616,1,0.458
10.810,15.295,1,0.850
13.857,12.049,0,0.650
14.419,1.835,1,0.650
5.520,5.344,1,0.250
18.474,7.055,1,0.492
6.752,5.196,0,0.090
17.723,8.345,1,0.459
6.994,8.137,1,0.250
25.728,10.214,1,0.864
4.299,11.582,0,0.463
4.746,6.098,1,0.250
21.928,7.569,0,0.462
12.981,2.230,1,0.650
17.301,9.692,1,0.755
23.872,8.072,0,0.461
5.329,5.927,1,0.250
26.221,8.434,1,0.650
23.353,15.890,1,0.876
12.868,9.565,0,0.500
29.284,9.556,1,0.783
29.225,14.727,1,0.883
16.675,14.435,1,0.873
0.390,10.556,0,0.461
1.249,5.982,0,0.080
22.615,14.255,0,0.873
18.508,5.259,1,0.495
18.489,15.981,0,0.689
26.281,10.903,1,0.872
9.891,4.915,1,0.412
13.272,14.258,0,0.650
1.817,14.530,0,0.466
29.058,4.184,1,0.827
2.045,11.424,1,0.650
26.932,9.404,0,0.648
25.946,5.830,0,0.466
1.136,11.429,1,0.650
21.435,7.252,0,0.461
2.509,8.429,0,0.090
4.598,13.745,0,0.463
18.373,4.032,0,0.475
28.133,6.813,0,0.466
4.759,12.447,0,0.462
16.045,4.638,1,0.528
5.870,15.748,0,0.460
27.576,14.002,0,0.883
17.232,5.193,0,0.250
24.167,10.120,0,0.863
28.176,11.818,1,0.881
25.489,14.921,0,0.883
0.207,6.200,0,0.078
26.189,7.434,0,0.464
11.180,5.109,1,0.458
27.587,10.291,1,0.865
13.989,5.443,1,0.465
4.600,0.115,1,0.463
3.727,12.524,0,0.464
6.082,1.881,1,0.460
14.843,2.149,1,0.650
22.317,13.834,1,0.871
5.829,13.661,1,0.650
10.444,0.531,1,0.616
7.235,5.737,0,0.091
3.310,8.389,1,0.250
29.468,14.099,1,0.883
25.032,13.199,1,0.883
8.776,0.723,0,0.250
19.352,8.406,1,0.572
10.421,4.938,1,0.441
8.647,10.256,0,0.455
26.310,1.565,0,0.650
17.945,1.117,1,0.650
25.083,6.147,0,0.467
26.224,0.892,1,0.883
12.983,5.491,0,0.250
11.035,1.297,0,0.458
18.899,9.403,1,0.648
6.246,3.317,0,0.250
15.330,6.234,1,0.467
17.137,14.047,0,0.650
14.838,3.585,1,0.650
2.786,13.366,1,0.650
9.174,9.906,0,0.441
20.555,2.665,1,0.863
22.149,3.058,1,0.871
10.503,5.277,0,0.237
8.554,12.180,1,0.650
14.323,14.701,1,0.880
15.270,10.396,1,0.866
29.287,12.174,0,0.883
24.312,2.229,0,0.650
13.509,4.744,1,0.509
0.148,4.358,1,0.382
12.076,2.247,1,0.650
26.295,1.383,1,0.883
3.030,2.576,1,0.465
14.633,0.534,0,0.467
26.219,13.955,0,0.883
15.117,5.859,1,0.467
1.254,6.568,1,0.250
26.570,11.345,1,0.877
3.471,10.768,0,0.463
1.178,12.948,0,0.466
17.632,3.542,1,0.650
15.582,3.486,1,0.650
12.896,2.830,0,0.464
19.084,1.455,0,0.544
14.729,13.739,0,0.650
10.554,12.208,0,0.624
19.100,15.250,0,0.748
6.302,11.594,1,0.650
0.472,6.902,0,0.082
7.669,12.230,1,0.650
0.506,1.321,1,0.467
12.533,0.661,0,0.463
14.366,4.309,1,0.588
0.814,13.719,0,0.466
28.743,1.579,0,0.650
22.765,5.122,1,0.650
1.927,11.525,1,0.650
9.054,3.201,1,0.463
24.949,14.097,1,0.883
26.035,0.676,1,0.883
1.658,4.865,0,0.120
28.340,2.286,1,0.883
24.962,15.278,1,0.883
17.258,9.012,0,0.257
2.090,15.394,1,0.650
27.790,4.516,0,0.550
10.550,2.631,1,0.623
18.762,14.268,0,0.713
27.700,4.612,1,0.734
28.917,1.053,1,0.883
28.869,15.446,0,0.883
25.636,10.900,1,0.872
22.327,15.301,0,0.872
27.489,9.503,1,0.772
2.816,1.010,1,0.465
4.650,3.554,0,0.250
8.790,15.185,0,0.455
6.573,3.732,1,0.459
12.472,8.442,0,0.250
19.861,3.218,1,0.842
22.255,13.848,1,0.871
26.568,12.278,1,0.883
29.327,9.759,1,0.822
14.393,1.360,1,0.650
17.084,4.122,0,0.433
14.667,12.628,0,0.650
25.155,14.037,1,0.883
9.026,6.407,1,0.254
8.834,9.275,1,0.389
11.079,0.491,1,0.650
4.739,2.135,0,0.250
25.206,5.764,1,0.650
15.953,12.288,1,0.878
22.538,13.196,0,0.872
26.126,15.483,1,0.883
3.972,3.206,0,0.250
16.525,5.608,1,0.464
2.190,12.896,1,0.650
5.392,13.554,0,0.461
17.853,12.020,1,0.865
22.780,11.610,0,0.874
3.681,12.110,0,0.464
12.627,13.967,0,0.650
25.701,1.909,1,0.883
22.948,15.034,0,0.874
3.514,6.720,0,0.084
24.274,11.933,0,0.880
23.116,11.018,0,0.873
5.840,6.228,1,0.250
3.352,10.755,1,0.650
24.171,9.936,1,0.852
0.133,12.924,1,0.650
4.556,9.096,0,0.158
4.458,7.844,0,0.087
1.753,13.986,0,0.466
7.374,11.592,1,0.650
17.328,0.450,1,0.650
20.189,1.325,0,0.650
18.740,8.215,0,0.310
18.987,13.139,0,0.736
4.614,0.896,0,0.250
1.599,13.541,1,0.650
2.193,13.095,0,0.466
8.309,14.007,1,0.650
0.470,9.426,0,0.306
19.159,14.364,0,0.755
14.457,2.520,1,0.650
4.439,12.759,0,0.463
21.624,9.786,0,0.788
13.497,2.416,0,0.465
13.797,0.648,1,0.650
0.910,3.685,0,0.250
18.975,3.729,1,0.735
10.332,4.910,0,0.263
5.072,1.510,1,0.462
21.087,9.718,0,0.764
28.324,11.333,1,0.877
22.845,9.882,0,0.821
28.540,1.457,0,0.650
0.946,4.427,1,0.368
19.552,8.032,1,0.594
18.647,14.079,0,0.703
28.300,10.228,0,0.865
9.958,3.537,1,0.578
3.552,8.139,0,0.089
12.845,2.841,0,0.464
14.454,0.877,1,0.650
24.445,3.493,1,0.876
5.771,10.826,1,0.650
2.184,4.697,0,0.155
23.946,6.561,1,0.650
2.225,12.626,0,0.466
24.826,5.487,1,0.650
8.745,11.796,1,0.650
0.936,3.807,1,0.463
1.338,6.098,0,0.080
15.489,14.130,0,0.650
18.022,6.637,1,0.461
8.593,1.801,1,0.455
25.729,4.806,1,0.692
21.270,12.868,1,0.866
21.873,9.013,0,0.464
8.868,14.422,1,0.650
23.027,3.534,0,0.650
24.799,7.160,1,0.650
23.116,12.338,1,0.875
28.137,14.035,1,0.883
14.895,2.921,1,0.650
5.271,14.867,0,0.461
15.193,2.167,1,0.650
10.404,2.834,0,0.418
0.232,12.744,1,0.650
23.629,11.273,0,0.876
8.469,0.685,0,0.250
22.745,13.387,1,0.873
15.074,7.488,0,0.250
20.569,10.369,0,0.863
26.652,6.656,1,0.650
19.516,9.916,0,0.751
21.267,5.178,1,0.650
21.084,8.768,0,0.457
5.162,1.366,1,0.462
10.355,6.897,1,0.414
25.618,14.366,0,0.883
29.873,0.577,0,0.650
19.438,12.421,0,0.788
20.158,1.228,0,0.650
11.854,11.760,0,0.650
20.557,10.625,0,0.863
15.887,9.308,0,0.403
8.250,8.609,0,0.094
7.856,3.497,0,0.250
27.361,14.567,0,0.883
3.423,11.459,1,0.650
4.597,7.194,0,0.086
22.350,4.797,0,0.500
8.519,3.662,1,0.455
8.959,4.617,1,0.352
3.339,5.702,0,0.084
6.755,11.099,0,0.459
20.331,9.728,0,0.768
29.276,10.421,1,0.867
10.186,11.822,0,0.598
29.034,4.724,0,0.513
27.172,15.437,0,0.883
22.928,6.426,1,0.650
2.322,6.573,1,0.250
15.775,3.112,0,0.466
12.164,11.702,1,0.869
19.800,7.767,0,0.429
13.006,10.291,0,0.650
6.447,10.821,0,0.459
6.151,4.668,0,0.160
11.219,11.446,0,0.650
9.518,4.454,0,0.269
0.857,7.986,1,0.250
5.267,6.650,1,0.250
12.245,12.126,1,0.869
5.447,13.656,0,0.461
12.087,7.344,0,0.250
17.508,2.319,0,0.461
0.306,14.736,1,0.650
0.779,8.355,1,0.250
21.956,2.511,1,0.870
2.868,2.378,0,0.250
26.394,10.672,0,0.870
25.135,2.912,0,0.650
28.542,6.670,0,0.466
3.192,14.727,1,0.650
22.322,6.151,1,0.650
29.158,11.394,0,0.877
0.734,1.216,0,0.250
23.334,13.972,1,0.876
26.510,4.278,1,0.807
15.485,8.814,1,0.457
0.012,11.250,0,0.465
9.407,7.341,1,0.312
3.744,3.137,0,0.250
12.006,7.449,1,0.461
15.023,7.927,0,0.250
0.979,5.250,1,0.250
20.480,7.893,1,0.650
13.091,5.302,0,0.250
24.070,6.657,0,0.466
16.296,8.490,1,0.459
9.706,13.895,1,0.754
20.377,3.914,1,0.862
17.284,7.604,0,0.250
0.357,9.447,1,0.457
6.334,2.358,1,0.460
7.965,15.575,1,0.650
27.190,14.103,0,0.883
16.662,6.326,0,0.250
1.673,14.739,0,0.466
15.931,0.253,0,0.466
19.286,15.432,1,0.857
16.625,13.358,1,0.873
29.913,5.816,1,0.650
19.454,6.754,1,0.583
4.680,1.066,0,0.250
20.124,7.119,0,0.457
3.323,3.467,0,0.250
5.621,6.803,1,0.250
6.187,15.477,1,0.650
5.855,15.961,1,0.650
21.188,12.406,1,0.866
16.460,2.017,0,0.464
28.970,3.145,0,0.650
13.402,11.203,1,0.875
5.623,14.081,1,0.650
25.092,3.133,1,0.881
11.283,14.401,0,0.650
13.700,7.448,0,0.250
1.172,3.486,0,0.250
18.907,15.645,1,0.858
8.828,11.174,0,0.455
13.996,5.591,0,0.250
17.570,5.380,0,0.250
20.476,12.401,0,0.863
8.186,12.880,0,0.456
8.858,11.174,0,0.455
4.359,0.092,0,0.250
25.982,7.542,0,0.463
24.890,1.620,0,0.650
8.679,15.629,1,0.650
22.244,1.280,1,0.871
18.234,0.609,1,0.668
27.939,3.139,1,0.881
7.284,3.771,0,0.250
27.769,7.779,1,0.650
13.945,6.082,1,0.466
7.800,14.805,0,0.457
29.954,11.512,0,0.878
4.472,8.804,1,0.250
29.579,15.367,0,0.883
16.026,5.226,1,0.463
16.353,12.377,0,0.650
20.623,8.832,0,0.457
24.176,13.466,0,0.880
3.414,15.086,1,0.650
9.208,7.405,1,0.283
8.869,12.939,0,0.455
28.715,15.344,0,0.883
28.229,15.822,1,0.883
18.585,15.136,1,0.860
21.601,1.687,0,0.650
15.088,9.956,0,0.634
22.771,11.497,1,0.874
15.406,5.665,1,0.466
12.328,3.125,0,0.462
28.701,3.460,1,0.876
1.180,0.696,1,0.466
14.921,2.392,1,0.650
15.705,4.331,0,0.388
29.064,0.343,0,0.650
18.172,15.712,1,0.863
16.679,7.680,1,0.463
13.455,5.176,1,0.463
29.178,12.416,1,0.883
1.182,13.959,1,0.650
8.224,11.548,1,0.650
23.391,14.989,0,0.876
12.874,2.247,1,0.650
29.476,14.632,0,0.883
4.384,10.133,0,0.459
7.315,7.544,1,0.250
14.559,1.227,0,0.466
0.398,3.609,1,0.464
27.705,0.212,1,0.883
7.306,3.275,1,0.458
25.086,10.870,1,0.872
2.593,2.520,0,0.250
19.230,1.147,0,0.559
28.801,5.276,1,0.650
3.386,9.866,0,0.427
12.812,4.033,0,0.453
28.019,5.979,0,0.467
2.662,4.755,0,0.143
7.497,2.317,1,0.457
26.647,2.719,0,0.650
14.599,4.211,1,0.607
22.931,7.015,1,0.650
26.082,15.855,0,0.883
10.701,2.792,1,0.633
28.083,4.900,1,0.672
25.528,2.325,0,0.650
24.640,0.090,1,0.882
22.538,1.244,0,0.650
8.294,2.606,0,0.250
6.752,1.631,1,0.459
20.571,14.464,1,0.863
16.956,6.675,0,0.250
3.331,5.121,1,0.250
28.099,2.498,0,0.650
22.375,9.880,0,0.820
14.920,8.766,0,0.250
10.312,8.708,1,0.411
14.592,15.495,1,0.881
11.877,3.380,0,0.461
0.764,9.544,1,0.492
22.802,0.666,0,0.650
14.565,1.874,1,0.650
14.826,14.095,0,0.650
15.240,3.676,1,0.650
24.392,3.158,0,0.650
27.154,9.048,1,0.662
10.435,0.543,0,0.420
8.438,1.164,0,0.250
19.180,12.255,0,0.758
9.724,1.941,1,0.554
6.367,8.023,0,0.090
26.940,15.047,0,0.883
11.486,14.476,0,0.650
13.869,7.419,0,0.250
13.956,11.191,1,0.875
4.438,8.109,1,0.250
8.990,12.631,0,0.454
0.792,14.362,1,0.650
25.294,13.894,0,0.883
14.320,12.118,0,0.650
28.160,11.054,0,0.874
12.392,9.874,0,0.606
11.215,14.810,1,0.863
2.073,5.750,0,0.081
20.311,8.837,1,0.650
2.496,15.373,1,0.650
18.596,9.864,1,0.807
11.029,13.482,0,0.650
2.769,5.798,0,0.082
6.974,5.858,0,0.091
0.711,13.211,0,0.467
3.492,7.150,1,0.250
25.216,7.328,1,0.650
5.177,8.764,1,0.250
24.532,11.147,1,0.875
14.500,0.030,1,0.650
1.628,14.633,1,0.650
13.240,1.999,1,0.650
8.068,15.689,0,0.456
0.853,9.682,0,0.382
13.527,8.738,0,0.250
8.031,13.951,1,0.650
5.664,6.288,1,0.250
1.417,12.905,1,0.650
20.420,4.589,0,0.537
26.810,11.750,1,0.881
27.467,11.848,0,0.882
0.126,10.685,0,0.462
4.575,7.707,1,0.250
3.356,1.068,1,0.464
29.717,10.499,1,0.868
5.375,13.192,0,0.461
17.665,1.899,1,0.650
10.893,6.388,0,0.248
15.074,5.420,1,0.464
3.383,12.028,0,0.464
16.032,13.088,0,0.650
26.423,5.818,0,0.466
14.206,12.502,0,0.650
17.182,15.973,0,0.650
25.741,14.066,1,0.883
15.832,15.025,1,0.878
10.397,4.298,1,0.534
18.010,9.178,1,0.551
11.407,3.689,1,0.650
27.202,1.858,0,0.650
18.049,1.763,1,0.654
8.425,7.276,1,0.250
15.801,4.150,0,0.427
9.453,12.601,1,0.720
7.368,5.923,0,0.092
24.770,7.226,0,0.464
4.545,12.970,0,0.463
24.833,2.849,1,0.882
17.717,15.467,0,0.650
20.231,0.037,0,0.650
16.893,15.778,1,0.872
15.844,11.602,0,0.650
25.635,8.164,1,0.650
3.421,3.646,0,0.250
10.176,6.152,0,0.224
5.012,6.414,0,0.087
4.963,6.333,1,0.250
15.688,0.397,0,0.466
10.949,13.556,1,0.859
0.571,3.108,0,0.250
13.342,0.582,0,0.465
14.610,4.937,0,0.264
17.423,10.299,0,0.650
20.426,12.458,1,0.862
5.228,9.653,1,0.530
25.506,13.915,1,0.883
22.254,1.308,1,0.871
7.764,3.835,1,0.457
14.386,10.712,0,0.650
17.675,1.513,1,0.650
8.400,7.953,1,0.250
12.853,0.908,0,0.464
12.319,15.616,1,0.869
15.449,5.082,0,0.250
21.284,15.763,1,0.867
20.144,8.243,1,0.650
29.463,10.496,0,0.868
11.003,13.996,1,0.862
28.485,10.976,1,0.873
8.550,10.656,1,0.650
13.353,4.630,0,0.327
20.780,6.956,0,0.459
5.964,0.058,0,0.250
17.375,3.395,1,0.650
9.573,8.241,0,0.181
6.267,9.352,0,0.280
13.255,0.238,0,0.464
19.422,0.673,1,0.786
12.041,13.211,1,0.868
29.454,11.949,0,0.883
17.244,13.395,0,0.650
11.982,6.091,0,0.250
27.328,15.493,1,0.883
10.813,14.092,0,0.640
6.631,15.763,1,0.650
11.498,0.992,0,0.459
17.656,15.451,0,0.650
11.396,12.063,0,0.650
15.836,10.478,1,0.867
26.385,2.617,1,0.883
20.156,14.952,0,0.861
21.783,4.556,1,0.747
18.959,13.929,0,0.733
18.405,0.515,0,0.487
24.960,9.432,1,0.756
27.451,5.838,1,0.650
26.667,15.713,0,0.883
21.743,0.765,1,0.869
20.889,11.467,1,0.865
9.869,13.789,1,0.774
2.822,1.654,0,0.250
7.782,12.451,1,0.650
20.188,8.465,1,0.650
11.316,3.546,1,0.650
21.115,15.228,1,0.866
28.737,3.121,1,0.881
2.491,9.557,1,0.497
8.745,3.783,0,0.250
17.101,1.606,0,0.463
19.399,6.707,0,0.379
8.025,9.050,1,0.279
23.459,10.340,0,0.866
16.732,4.095,1,0.630
19.960,9.826,0,0.790
25.340,12.447,1,0.883
22.683,15.192,0,0.873
3.746,14.233,0,0.464
18.038,13.345,1,0.864
24.790,6.660,1,0.650
0.079,5.982,0,0.078
21.270,8.006,0,0.460
13.325,11.693,1,0.875
9.157,8.087,0,0.124
29.321,7.403,0,0.464
18.873,14.563,1,0.858
10.042,14.595,1,0.791
24.597,15.917,1,0.881
24.389,11.400,0,0.877
25.183,0.931,0,0.650
24.610,2.185,1,0.882
4.550,6.588,0,0.086
16.400,8.699,0,0.250
13.007,8.652,0,0.250
29.583,6.561,1,0.650
26.784,9.035,1,0.659
10.271,5.436,1,0.408
24.314,14.248,1,0.880
25.363,11.870,0,0.882
3.772,6.028,0,0.084
6.794,3.823,1,0.459
26.179,4.319,0,0.586
9.304,3.964,0,0.298
9.805,5.932,1,0.363
12.053,6.800,0,0.250
12.046,12.830,1,0.868
15.648,8.345,1,0.459
7.709,12.105,0,0.457
14.882,5.140,0,0.250
27.620,9.448,1,0.760
20.502,15.764,1,0.863
12.804,2.689,0,0.463
8.269,14.606,0,0.456
29.366,1.521,0,0.650
20.308,0.742,1,0.862
1.499,0.015,1,0.466
0.680,2.729,0,0.250
5.362,8.047,0,0.088
26.488,13.625,0,0.883
1.960,11.570,1,0.650
11.472,0.725,0,0.459
3.806,0.736,0,0.250
10.473,7.169,1,0.423
28.158,5.938,0,0.467
24.871,4.145,1,0.836
28.511,11.625,1,0.879
21.163,15.834,0,0.866
29.634,12.634,0,0.883
28.278,10.526,0,0.868
29.960,8.182,0,0.460
27.600,12.080,1,0.883
9.493,5.869,1,0.324
14.544,6.703,0,0.250
1.611,8.655,1,0.250
29.767,7.675,1,0.650
0.122,2.667,1,0.467
12.613,15.293,1,0.871
6.851,3.350,0,0.250
12.648,2.871,1,0.650
19.599,1.645,0,0.600
14.575,1.033,0,0.467
27.071,14.964,1,0.883
11.908,12.521,0,0.650
1.518,1.866,1,0.466
1.294,7.238,0,0.084
16.126,5.337,1,0.464
2.710,1.842,0,0.250
13.540,5.763,0,0.250
4.697,8.080,1,0.250
10.051,7.795,0,0.218
11.480,12.149,1,0.865
17.532,15.570,0,0.650
24.079,15.824,0,0.879
22.790,6.982,1,0.650
5.083,0.899,0,0.250
15.684,14.517,1,0.879
0.345,11.089,0,0.464
0.466,15.115,1,0.650
15.785,6.422,0,0.250
0.362,2.100,0,0.250
24.331,11.429,0,0.878
9.443,1.687,0,0.317
7.423,2.913,1,0.458
15.851,3.091,1,0.650
0.810,4.559,1,0.341
13.392,3.330,1,0.650
25.393,8.973,0,0.456
7.562,2.325,1,0.457
8.587,14.046,1,0.650
16.630,2.319,1,0.650
9.533,15.297,0,0.530
29.356,13.133,0,0.883
0.846,4.474,0,0.195
26.998,6.527,0,0.466
5.973,9.089,1,0.301
17.294,14.551,0,0.650
3.810,12.188,0,0.464
2.043,15.305,0,0.466
23.085,5.282,0,0.464
18.414,2.903,0,0.488
22.650,15.339,1,0.873
2.069,7.439,1,0.250
26.455,4.620,1,0.733
29.092,13.731,1,0.883
20.010,9.149,1,0.687
28.988,8.498,1,0.650
23.396,3.558,0,0.650
27.196,14.834,0,0.883
14.056,8.766,1,0.457
23.132,7.628,0,0.463
10.925,6.115,1,0.453
6.015,9.775,0,0.405
21.468,1.312,1,0.867
28.907,3.842,0,0.650
19.255,9.075,0,0.411
2.414,10.786,0,0.463
13.666,2.776,0,0.465
26.673,6.521,0,0.466
5.629,8.835,1,0.250
27.620,9.811,1,0.831
16.933,14.820,0,0.650
21.175,7.500,1,0.650
23.526,0.443,1,0.877
2.970,13.068,1,0.650
27.082,7.495,0,0.463
26.705,8.299,0,0.460
13.015,9.859,1,0.813
3.633,12.815,1,0.650
28.662,15.207,0,0.883
7.090,11.012,1,0.650
12.616,1.830,0,0.463
24.748,10.636,0,0.869
4.239,8.451,0,0.090
20.661,2.746,1,0.864
14.652,6.044,0,0.250
21.793,10.389,0,0.866
26.875,9.936,0,0.840
28.031,15.982,0,0.883
27.736,10.307,0,0.865
12.996,10.693,0,0.650
24.413,15.330,0,0.881
21.907,6.973,0,0.462
1.526,10.059,0,0.458
20.691,8.301,0,0.459
25.822,6.725,0,0.466
14.246,2.116,1,0.650
17.588,3.082,0,0.461
27.030,9.434,0,0.660
12.195,8.723,1,0.457
28.992,6.458,1,0.650
16.859,12.772,0,0.650
26.155,1.784,1,0.883
21.967,14.915,1,0.870
21.041,1.614,1,0.865
1.555,2.869,1,0.466
10.192,5.696,0,0.225
9.342,3.981,0,0.303
14.427,11.676,0,0.650
20.066,1.684,0,0.650
24.557,13.838,0,0.881
7.694,9.206,0,0.218
20.398,10.378,1,0.862
6.965,2.244,0,0.250
29.569,14.135,0,0.883
13.456,13.854,0,0.650
0.040,5.630,0,0.081
11.285,5.001,0,0.250
9.202,15.976,1,0.683
6.451,12.609,0,0.459
26.196,8.264,0,0.460
4.731,14.842,1,0.650
28.061,8.619,1,0.650
27.949,6.900,0,0.465
28.155,9.957,0,0.847
26.343,8.946,0,0.456
19.565,6.261,1,0.596
22.057,11.482,0,0.870
27.889,0.151,1,0.883
20.724,8.337,0,0.459
21.472,4.811,1,0.691
17.382,12.404,1,0.868
6.949,7.364,0,0.091
13.248,6.981,0,0.250
1.894,14.000,0,0.466
20.606,10.969,0,0.863
18.423,3.137,1,0.683
21.439,15.592,1,0.867
0.668,13.184,1,0.650
7.681,1.076,0,0.250
13.459,1.811,1,0.650
7.666,3.458,0,0.250
27.827,11.147,1,0.875
24.853,5.475,1,0.650
7.501,12.040,0,0.457
25.382,2.812,0,0.650
25.822,10.508,1,0.868
3.477,8.726,1,0.250
16.497,2.500,0,0.464
26.584,6.559,0,0.466
20.666,5.164,1,0.650
22.603,12.433,0,0.873
29.281,7.998,0,0.461
0.634,14.629,0,0.467
14.896,12.760,1,0.883
12.159,14.143,0,0.650
17.731,12.858,1,0.866
22.629,6.236,0,0.464
3.468,14.876,0,0.464
10.854,14.928,1,0.853
26.484,3.439,1,0.877
1.434,10.484,1,0.650
7.042,9.766,0,0.403
1.251,8.091,0,0.088
10.293,10.259,0,0.606
12.150,14.552,0,0.650
27.429,11.789,0,0.881
24.437,8.669,0,0.458
3.656,8.037,0,0.088
22.883,2.957,0,0.650
20.437,3.644,0,0.650
29.477,13.628,0,0.883
7.475,15.001,1,0.650
26.689,2.138,1,0.883
18.968,6.745,1,0.533
22.109,1.646,1,0.870
0.069,1.794,0,0.250
9.885,5.200,0,0.209
19.487,0.079,0,0.587
16.887,6.294,1,0.463
4.374,5.191,1,0.250
19.850,4.090,0,0.592
1.118,4.768,1,0.299
18.166,13.835,0,0.663
15.604,1.120,1,0.650
14.288,7.501,0,0.250
3.674,2.633,0,0.250
19.607,7.850,1,0.601
20.960,13.186,1,0.865
24.259,9.185,0,0.554
7.377,8.863,1,0.250
4.201,1.661,0,0.250
8.856,3.325,0,0.250
4.360,10.836,0,0.463
11.095,5.057,0,0.250
27.251,9.513,0,0.690
19.830,4.031,0,0.611
10.036,14.698,1,0.791
18.216,9.273,1,0.596
29.983,10.730,0,0.870
20.872,1.048,1,0.865
12.151,8.972,1,0.456
26.000,13.008,1,0.883
23.975,0.251,0,0.650
3.655,2.079,0,0.250
16.964,2.909,1,0.650
26.954,10.165,0,0.864
26.635,5.111,1,0.650
12.507,9.879,0,0.607
14.425,0.917,0,0.466
9.485,4.834,0,0.261
13.352,6.014,1,0.465
12.690,15.444,1,0.871
5.122,1.689,0,0.250
3.307,1.571,0,0.250
23.969,0.552,0,0.650
21.702,1.007,0,0.650
17.270,5.980,1,0.462
21.745,13.817,0,0.869
8.428,5.371,0,0.094
29.418,15.186,0,0.883
29.172,5.119,1,0.650
29.888,10.703,1,0.870
2.625,15.855,0,0.465
0.067,3.471,1,0.465
24.039,8.491,0,0.459
13.258,6.831,0,0.250
12.655,3.603,1,0.650
19.204,8.981,1,0.556
19.431,8.590,0,0.383
17.364,3.554,1,0.650
12.640,12.447,1,0.871
3.496,14.610,1,0.650
10.032,7.793,1,0.387
23.627,1.780,0,0.650
10.608,9.933,1,0.797
22.253,3.851,1,0.870
14.442,7.537,0,0.250
10.097,1.390,0,0.393
18.205,15.451,1,0.863
2.219,13.428,0,0.466
0.877,14.704,1,0.650
10.643,15.202,1,0.840
3.656,15.461,1,0.650
9.762,13.518,0,0.558
3.357,1.566,0,0.250
26.109,2.792,1,0.883
28.278,5.524,1,0.650
3.302,7.449,1,0.250
7.853,13.722,1,0.650
0.974,4.377,1,0.378
18.268,1.562,1,0.671
5.873,10.118,1,0.650
14.265,8.952,1,0.456
12.974,2.694,0,0.464
18.339,14.150,1,0.862
28.806,5.382,1,0.650
4.898,2.223,0,0.250
24.371,0.335,0,0.650
20.981,2.346,1,0.865
22.770,9.178,1,0.694
27.732,3.702,0,0.650
8.607,1.227,0,0.250
27.698,11.968,0,0.883
14.509,5.086,0,0.250
26.620,7.739,0,0.462
15.637,4.859,0,0.280
22.768,7.599,0,0.463
26.360,0.382,0,0.650
2.462,4.134,1,0.430
6.950,5.565,1,0.250
22.693,6.902,0,0.464
13.504,2.348,1,0.650
9.088,6.483,0,0.112
3.138,1.211,0,0.250
7.980,5.683,0,0.093
11.438,14.719,1,0.864
26.608,2.024,1,0.883
12.055,2.808,1,0.650
25.290,12.787,1,0.883
2.564,5.424,0,0.083
27.693,6.483,0,0.466
6.213,4.665,1,0.320
26.694,4.474,1,0.765
26.162,6.610,1,0.650
5.206,15.382,1,0.650
7.585,4.690,0,0.161
26.240,6.277,1,0.650
15.372,7.877,1,0.462
3.839,9.184,1,0.348
19.730,14.366,1,0.859
20.247,4.569,0,0.540
14.981,9.238,0,0.373
20.346,7.648,1,0.650
28.517,11.441,1,0.878
12.176,7.624,1,0.462
11.178,15.177,1,0.863
26.656,6.183,1,0.650
11.654,2.047,1,0.650
29.840,9.990,1,0.860
5.831,3.989,0,0.250
26.105,1.021,1,0.883
1.006,1.806,0,0.250
27.596,4.557,1,0.747
15.764,1.580,0,0.466
24.838,1.181,0,0.650
21.973,2.268,0,0.650
29.267,0.734,1,0.883
28.869,13.722,0,0.883
16.708,4.738,0,0.305
0.023,14.323,1,0.650
16.329,1.698,0,0.465
10.148,8.734,1,0.397
10.181,8.112,0,0.224
24.777,0.008,1,0.882
7.222,15.564,1,0.650
10.410,0.481,0,0.418
21.388,4.378,0,0.576
7.685,11.975,0,0.457
27.125,5.766,0,0.466
3.258,14.560,1,0.650
13.936,2.837,0,0.466
15.423,15.068,1,0.881
23.629,12.634,0,0.877
14.769,6.089,0,0.250
22.442,9.204,1,0.701
23.237,8.263,1,0.650
13.062,14.372,0,0.650
15.418,4.145,1,0.620
12.028,3.330,0,0.461
26.868,10.909,0,0.872
13.938,4.044,0,0.451
3.840,12.240,0,0.464
26.816,13.823,1,0.883
5.542,9.195,0,0.213
7.892,4.155,0,0.230
17.390,6.721,1,0.462
17.090,4.866,0,0.279
14.286,6.144,1,0.466
10.071,10.116,1,0.794
6.690,3.384,1,0.459
25.285,9.680,0,0.751
2.770,9.376,0,0.289
22.654,14.710,0,0.873
23.097,8.090,0,0.461
25.353,14.562,0,0.883
13.982,1.702,0,0.466
24.882,9.609,0,0.725
10.612,8.219,1,0.433
15.576,7.209,0,0.250
7.755,11.905,0,0.457
2.774,5.501,0,0.082
2.579,2.473,1,0.465
0.238,14.625,1,0.650
0.129,10.915,0,0.463
0.221,6.634,1,0.250
18.981,11.137,1,0.857
0.470,7.706,0,0.086
19.208,1.846,0,0.556
19.788,11.802,0,0.832
10.741,1.468,0,0.442
12.136,2.270,1,0.650
3.908,13.811,1,0.650
4.182,2.000,0,0.250
26.518,6.216,0,0.467
2.075,8.809,1,0.250
3.897,14.959,0,0.464
13.794,2.759,0,0.466
1.484,1.657,1,0.466
3.632,5.570,1,0.250
23.128,5.475,0,0.465
11.299,7.373,1,0.459
25.220,7.392,0,0.464
16.790,6.858,1,0.464
3.191,8.750,1,0.250
25.010,4.829,0,0.494
16.738,11.766,1,0.873
27.968,0.895,1,0.883
17.403,8.720,0,0.250
20.037,5.327,0,0.457
0.410,2.854,1,0.467
4.386,4.208,0,0.229
28.853,6.181,0,0.467
3.051,11.730,0,0.465
23.362,13.090,0,0.876
21.014,12.366,0,0.865
7.331,12.455,1,0.650
16.086,14.713,1,0.877
12.024,0.439,0,0.461
6.170,7.600,0,0.089
27.083,0.809,1,0.883
21.394,13.454,0,0.867
14.733,14.117,1,0.882
8.636,4.022,1,0.446
18.682,1.242,1,0.706
6.018,15.490,0,0.460
27.378,14.323,1,0.883
29.532,9.657,0,0.742
6.203,11.324,0,0.460
26.792,12.760,0,0.883
4.476,3.108,0,0.250
20.338,14.830,1,0.862
16.696,0.101,1,0.650
8.041,11.079,1,0.650
16.236,9.164,1,0.544
23.922,7.156,0,0.465
16.292,13.241,0,0.650
23.904,8.062,1,0.650
12.539,15.950,0,0.650
22.595,10.977,1,0.873
27.010,14.076,0,0.883
24.094,9.944,1,0.853
14.372,3.302,1,0.650
3.011,9.773,1,0.571
29.454,2.928,1,0.883
13.036,5.115,1,0.462
6.425,10.222,1,0.650
16.760,5.434,1,0.464
16.788,2.023,0,0.464
19.503,13.604,0,0.796
28.714,8.735,0,0.457
10.508,9.919,0,0.585
10.857,14.592,0,0.642
26.412,9.068,1,0.667
9.989,3.251,1,0.581
5.335,9.762,0,0.402
24.038,12.760,0,0.879
0.636,8.383,1,0.250
13.866,8.209,1,0.460
0.222,8.800,1,0.250
23.415,3.163,1,0.876
26.271,2.599,0,0.650
4.925,2.833,0,0.250
24.724,8.837,1,0.650
4.405,4.299,1,0.394
3.637,9.783,1,0.575
12.488,10.415,1,0.867
19.379,13.663,0,0.781
16.082,4.295,0,0.395
17.670,12.157,1,0.866
29.065,11.807,1,0.881
0.713,1.399,1,0.467
15.142,12.130,0,0.650
11.362,0.524,1,0.650
7.568,3.655,1,0.457
26.995,14.848,1,0.883
6.042,13.484,1,0.650
22.750,8.043,0,0.461
5.159,10.732,0,0.462
10.422,14.405,1,0.824
20.333,2.431,1,0.862
16.912,8.915,0,0.250
10.180,1.231,0,0.400
23.311,8.737,0,0.457
12.171,12.700,1,0.869
9.434,11.943,0,0.518
4.567,11.996,0,0.463
29.811,2.492,0,0.650
14.616,15.359,0,0.650
27.494,5.259,0,0.463
28.983,6.629,0,0.466
7.558,13.412,1,0.650
19.135,8.621,0,0.349
14.812,3.417,0,0.465
24.374,2.714,0,0.650
1.315,12.489,0,0.466
15.071,6.238,1,0.467
18.124,11.162,0,0.659
27.851,11.238,0,0.876
3.084,13.072,0,0.465
6.115,7.671,0,0.089
19.936,1.741,1,0.852
18.440,8.340,1,0.490
17.439,13.225,0,0.650
14.069,15.296,0,0.650
8.694,3.351,0,0.250
19.216,15.812,1,0.856
11.387,9.987,1,0.857
18.394,14.796,0,0.681
10.184,7.415,1,0.400
13.551,6.902,0,0.250
0.357,6.371,1,0.250
19.945,1.797,0,0.643
11.023,13.345,0,0.650
14.990,8.450,0,0.250
20.372,7.701,0,0.458
10.540,7.508,1,0.428
8.742,4.319,0,0.202
13.257,12.793,1,0.874
25.594,11.398,0,0.877
8.218,9.795,0,0.408
26.701,4.320,1,0.798
15.287,5.259,1,0.463
24.523,6.001,0,0.467
16.984,13.043,1,0.871
4.991,9.910,0,0.438
9.241,4.955,1,0.320
14.362,2.347,0,0.466
26.411,0.881,0,0.650
18.117,13.418,0,0.659
21.694,10.263,0,0.865
21.859,7.153,1,0.650
16.063,4.990,1,0.463
28.660,11.035,1,0.873
28.599,7.458,1,0.650
17.539,2.042,0,0.461
0.075,8.502,0,0.091
15.215,12.649,1,0.882
22.248,13.965,0,0.871
26.821,12.143,1,0.883
8.000,9.255,1,0.380
28.861,14.501,1,0.883
22.385,8.372,0,0.459
1.229,12.679,0,0.466
1.014,9.697,1,0.545
23.749,10.166,0,0.864
10.604,3.615,0,0.432
13.733,6.297,0,0.250
8.954,6.656,1,0.250
9.942,12.589,1,0.781
17.788,1.936,1,0.650
0.213,14.417,1,0.650
28.979,6.613,0,0.466
7.954,10.974,0,0.457
16.492,1.067,1,0.650
1.256,10.696,1,0.650
16.156,1.986,0,0.465
24.392,0.031,0,0.650
0.989,14.977,0,0.466
5.695,2.397,0,0.250
3.996,10.435,1,0.650
12.450,0.585,0,0.462
27.152,0.704,1,0.883
11.149,10.924,1,0.863
21.161,9.457,0,0.669
5.284,9.461,0,0.318
28.213,4.837,0,0.492
0.048,5.051,0,0.087
4.398,5.101,1,0.250
21.856,13.382,0,0.869
2.611,6.595,1,0.250
4.034,6.999,1,0.250
20.056,3.490,0,0.650
5.887,2.762,1,0.460
22.182,4.893,0,0.482
7.723,2.948,0,0.250
5.023,0.345,1,0.462
0.800,10.995,0,0.464
13.240,3.844,0,0.462
14.532,10.639,1,0.869
17.451,10.316,0,0.650
15.752,3.476,1,0.650
16.135,4.588,0,0.335
20.098,2.584,1,0.861
9.491,6.756,0,0.172
13.371,5.241,1,0.463
22.253,12.822,0,0.871
1.271,3.389,1,0.466
14.466,13.536,1,0.881
10.460,1.501,0,0.422
19.379,8.164,1,0.575
16.947,6.586,0,0.250
11.396,13.521,1,0.864
20.445,15.015,1,0.862
24.709,15.215,1,0.882
20.447,0.610,1,0.862
4.707,2.716,0,0.250
8.011,4.243,0,0.219
10.475,9.324,1,0.575
14.121,8.727,1,0.457
29.304,3.050,1,0.882
16.166,2.987,0,0.465
21.325,7.326,0,0.461
4.981,5.182,0,0.087
5.377,0.281,1,0.461
13.087,1.157,1,0.650
3.916,8.146,1,0.250
13.064,5.669,0,0.250
23.485,4.768,1,0.701
0.409,1.447,1,0.467
9.748,4.717,0,0.301
21.946,8.987,0,0.456
2.566,11.754,1,0.650
9.853,2.724,0,0.368
20.645,9.481,0,0.678
26.374,6.857,1,0.650
18.212,14.864,1,0.863
13.821,10.745,1,0.870
10.610,2.072,0,0.433
22.679,0.227,0,0.650
0.017,11.554,0,0.466
2.760,12.030,1,0.650
16.854,5.175,1,0.463
15.161,15.800,1,0.882
2.028,10.021,1,0.650
20.898,11.986,0,0.865
26.583,15.844,1,0.883
1.401,8.023,0,0.088
13.406,1.257,0,0.465
6.218,1.301,1,0.460
29.750,1.231,1,0.883
25.227,2.390,0,0.650
18.778,7.759,1,0.516
12.004,5.440,1,0.461
17.516,8.840,0,0.250
25.329,15.883,0,0.883
17.089,2.867,1,0.650
23.216,3.473,0,0.650
26.066,11.207,0,0.875
1.975,7.460,1,0.250
11.098,3.486,0,0.458
3.623,5.549,1,0.250
15.576,14.991,0,0.650
15.644,13.908,0,0.650
12.430,4.900,1,0.481
0.298,4.628,0,0.168
25.711,1.774,0,0.650
9.003,4.729,1,0.337
17.451,7.998,1,0.461
3.722,12.230,0,0.464
14.109,11.163,0,0.650
5.568,2.165,0,0.250
1.542,3.103,0,0.250
25.570,4.538,1,0.751
26.710,0.696,0,0.650
29.130,0.902,0,0.650
18.753,5.245,0,0.311
15.575,1.863,1,0.650
6.769,10.337,0,0.459
3.977,2.395,0,0.250
16.791,4.290,0,0.396
20.355,6.259,1,0.650
1.745,2.363,0,0.250
2.361,14.356,0,0.465
12.999,7.395,0,0.250
4.325,6.448,0,0.085
3.520,12.284,0,0.464
1.545,8.372,1,0.250
15.982,1.565,1,0.650
29.452,15.795,0,0.883
20.433,10.644,0,0.862
13.365,5.316,1,0.464
15.472,12.607,1,0.880
22.704,6.704,1,0.650
5.784,9.588,1,0.508
6.425,0.251,0,0.250
8.876,8.775,0,0.095
27.403,8.924,0,0.456
2.924,3.072,1,0.465
24.853,11.399,0,0.877
18.825,15.862,0,0.719
1.678,14.755,0,0.466
5.799,11.367,0,0.461
5.219,15.855,1,0.650
8.201,0.855,0,0.250
14.916,1.288,1,0.650
3.751,4.774,0,0.139
4.723,11.595,0,0.462
27.613,1.537,0,0.650
13.568,14.352,0,0.650
13.498,9.330,1,0.618
16.368,11.321,0,0.650
26.185,9.960,1,0.856
20.189,5.966,1,0.650
10.995,12.585,0,0.650
8.081,4.077,0,0.239
18.773,10.950,0,0.714
3.720,7.333,1,0.250
16.677,10.849,0,0.650
6.465,14.119,0,0.459
20.523,13.812,1,0.863
24.721,14.008,0,0.882
7.976,4.030,0,0.246
1.783,0.299,0,0.250
20.139,15.809,1,0.861
29.763,3.731,0,0.650
16.214,7.357,0,0.250
7.007,13.772,0,0.458
5.459,1.349,0,0.250
29.608,13.110,1,0.883
18.854,1.280,0,0.523
8.707,6.589,0,0.095
17.696,8.216,0,0.250
4.439,4.246,0,0.225
8.468,14.956,1,0.650
8.145,7.031,1,0.250
15.129,3.684,1,0.650
0.594,0.727,0,0.250
2.592,14.454,1,0.650
22.693,13.463,1,0.873
18.446,13.859,1,0.861
9.342,2.292,0,0.303
17.667,4.900,1,0.481
13.810,15.902,1,0.877
20.914,12.259,0,0.865
15.381,1.750,0,0.466
27.107,2.356,1,0.883
20.135,2.900,0,0.650
19.909,5.102,1,0.638
7.837,11.565,1,0.650
1.325,2.797,0,0.250
26.168,5.272,1,0.650
28.084,6.680,0,0.466
4.497,3.056,1,0.463
2.331,11.213,0,0.465
10.427,0.996,1,0.615
2.905,1.024,1,0.465
10.229,12.027,0,0.601
9.479,14.156,0,0.524
9.231,4.265,0,0.236
1.321,11.633,1,0.650
23.261,0.096,1,0.876
4.022,6.489,1,0.250
29.065,6.277,0,0.467
7.344,5.021,0,0.092
27.596,9.599,1,0.792
16.443,1.757,0,0.465
10.587,11.475,1,0.836
25.328,10.819,1,0.871
1.548,12.309,1,0.650
0.699,6.766,0,0.081
17.236,7.589,0,0.250
24.981,0.633,0,0.650
15.229,3.574,0,0.465
24.924,14.737,0,0.883
23.959,14.605,1,0.879
22.403,13.222,1,0.872
29.790,7.437,1,0.650
0.517,7.748,1,0.250
25.165,3.917,1,0.869
28.023,2.453,1,0.883
29.893,5.934,1,0.650
8.136,0.943,0,0.250
1.495,7.056,1,0.250
25.656,7.068,0,0.465
3.905,14.373,0,0.464
23.076,14.420,1,0.875
1.253,11.770,0,0.466
17.253,1.173,0,0.462
5.618,11.364,0,0.461
0.877,15.631,0,0.466
21.376,12.672,0,0.867
5.505,8.427,1,0.250
0.776,5.339,1,0.250
24.630,0.765,0,0.650
13.393,2.466,0,0.465
13.601,4.264,0,0.402
0.562,14.284,1,0.650
14.689,10.307,0,0.650
20.703,13.630,1,0.864
4.166,2.075,1,0.463
23.438,12.939,1,0.877
8.821,15.091,0,0.455
13.050,0.162,0,0.464
18.806,7.956,1,0.518
4.254,0.384,0,0.250
17.601,1.509,1,0.650
2.687,8.002,0,0.088
29.097,4.860,1,0.681
15.563,13.739,1,0.880
3.390,12.205,0,0.464
23.798,7.754,0,0.462
24.361,9.081,1,0.670
4.599,1.983,0,0.250
24.464,0.303,1,0.881
13.842,9.574,0,0.503
8.884,9.664,1,0.523
24.247,2.365,1,0.880
1.963,7.187,0,0.083
21.374,11.452,1,0.867
12.757,5.162,0,0.250
21.177,7.974,0,0.460
10.140,7.108,0,0.223
6.485,13.027,1,0.650
7.310,10.200,0,0.458
5.206,12.972,0,0.462
17.370,12.271,1,0.868
23.195,10.398,1,0.866
5.394,4.162,1,0.424
7.584,10.672,1,0.650
11.434,7.778,1,0.459
28.491,11.441,1,0.878
11.753,0.499,0,0.460
18.568,3.521,1,0.696
27.448,7.222,0,0.464
26.898,12.933,1,0.883
4.733,5.372,0,0.086
12.895,8.159,1,0.460
9.969,10.607,0,0.579
7.673,10.614,1,0.650
11.557,4.566,0,0.340
24.842,3.581,0,0.650
8.103,5.501,1,0.250
5.686,5.446,0,0.088
13.434,6.378,1,0.465
5.313,15.286,1,0.650
10.790,2.096,0,0.445
20.336,11.056,0,0.862
7.823,9.336,1,0.414
5.369,15.735,1,0.650
22.089,5.524,1,0.650
28.709,6.201,1,0.650
14.116,6.900,1,0.465
27.577,8.111,0,0.461
8.994,3.246,1,0.454
4.698,7.847,1,0.250
22.981,14.314,0,0.875
6.555,6.632,1,0.250
29.602,2.464,1,0.883
20.692,13.496,1,0.864
21.799,8.768,1,0.650
29.381,2.682,0,0.650
29.361,9.754,1,0.821
16.450,0.739,1,0.650
28.780,12.506,1,0.883
4.731,8.728,1,0.250
24.059,14.707,1,0.879
13.584,6.398,1,0.465
10.430,13.007,1,0.824
28.405,6.444,1,0.650
28.536,9.132,0,0.528
13.152,3.510,1,0.650
20.432,13.114,0,0.862
22.450,4.010,0,0.648
14.535,12.591,1,0.881
29.915,3.253,0,0.650
6.049,7.902,0,0.089
